--------------------------------------------------------
--  Arquivo criado - terça-feira-março-18-2025   
--------------------------------------------------------
--------------------------------------------------------
--  DDL for Table CONSULTA_OP
--------------------------------------------------------

  CREATE TABLE "RM553635"."CONSULTA_OP" 
   (	"ID" NUMBER, 
	"DATA_HORA_CONSULTA" DATE, 
	"TIPO_PROCEDIMENTO" VARCHAR2(255 CHAR), 
	"VALOR_CONSULTA" NUMBER, 
	"STATUS" VARCHAR2(255 CHAR), 
	"PROFISSIONAL_OP_ID" NUMBER
   ) SEGMENT CREATION IMMEDIATE 
  PCTFREE 10 PCTUSED 40 INITRANS 1 MAXTRANS 255 
 NOCOMPRESS LOGGING
  STORAGE(INITIAL 65536 NEXT 1048576 MINEXTENTS 1 MAXEXTENTS 2147483645
  PCTINCREASE 0 FREELISTS 1 FREELIST GROUPS 1
  BUFFER_POOL DEFAULT FLASH_CACHE DEFAULT CELL_FLASH_CACHE DEFAULT)
  TABLESPACE "TBSPC_ALUNOS" ;
--------------------------------------------------------
--  DDL for Table FATURAMENTO_OP
--------------------------------------------------------

  CREATE TABLE "RM553635"."FATURAMENTO_OP" 
   (	"ID" NUMBER, 
	"DATA_EMISSAO" DATE, 
	"VALOR_TOTAL" NUMBER, 
	"STATUS" VARCHAR2(255 CHAR), 
	"PROCEDIMENTO_OP_ID" NUMBER
   ) SEGMENT CREATION IMMEDIATE 
  PCTFREE 10 PCTUSED 40 INITRANS 1 MAXTRANS 255 
 NOCOMPRESS LOGGING
  STORAGE(INITIAL 65536 NEXT 1048576 MINEXTENTS 1 MAXEXTENTS 2147483645
  PCTINCREASE 0 FREELISTS 1 FREELIST GROUPS 1
  BUFFER_POOL DEFAULT FLASH_CACHE DEFAULT CELL_FLASH_CACHE DEFAULT)
  TABLESPACE "TBSPC_ALUNOS" ;
--------------------------------------------------------
--  DDL for Table PACIENTE_OP
--------------------------------------------------------

  CREATE TABLE "RM553635"."PACIENTE_OP" 
   (	"ID" NUMBER, 
	"NOME_COMPLETO" VARCHAR2(255 CHAR), 
	"DATA_NASCIMENTO" DATE, 
	"CONTATO" VARCHAR2(255 CHAR), 
	"PLANO_DE_SAUDE" VARCHAR2(255 CHAR), 
	"HISTORICO_MEDICO" VARCHAR2(255 CHAR)
   ) SEGMENT CREATION IMMEDIATE 
  PCTFREE 10 PCTUSED 40 INITRANS 1 MAXTRANS 255 
 NOCOMPRESS LOGGING
  STORAGE(INITIAL 65536 NEXT 1048576 MINEXTENTS 1 MAXEXTENTS 2147483645
  PCTINCREASE 0 FREELISTS 1 FREELIST GROUPS 1
  BUFFER_POOL DEFAULT FLASH_CACHE DEFAULT CELL_FLASH_CACHE DEFAULT)
  TABLESPACE "TBSPC_ALUNOS" ;
--------------------------------------------------------
--  DDL for Table PROCEDIMENTO_OP
--------------------------------------------------------

  CREATE TABLE "RM553635"."PROCEDIMENTO_OP" 
   (	"ID" NUMBER, 
	"DESCRICAO" VARCHAR2(255 CHAR), 
	"PRECO_UNITARIO" NUMBER, 
	"CATEGORIA" VARCHAR2(255 CHAR), 
	"CONSULTA_OP_ID" NUMBER
   ) SEGMENT CREATION IMMEDIATE 
  PCTFREE 10 PCTUSED 40 INITRANS 1 MAXTRANS 255 
 NOCOMPRESS LOGGING
  STORAGE(INITIAL 65536 NEXT 1048576 MINEXTENTS 1 MAXEXTENTS 2147483645
  PCTINCREASE 0 FREELISTS 1 FREELIST GROUPS 1
  BUFFER_POOL DEFAULT FLASH_CACHE DEFAULT CELL_FLASH_CACHE DEFAULT)
  TABLESPACE "TBSPC_ALUNOS" ;
--------------------------------------------------------
--  DDL for Table PROFISSIONAL_OP
--------------------------------------------------------

  CREATE TABLE "RM553635"."PROFISSIONAL_OP" 
   (	"ID" NUMBER, 
	"CRM" VARCHAR2(255 CHAR), 
	"NOME_COMPLETO" VARCHAR2(255 CHAR), 
	"ESPECIALIDADE_ODONTOLOGICA" VARCHAR2(255 CHAR), 
	"CONTATO" VARCHAR2(255 CHAR), 
	"HORARIO_DE_CONSULTA" VARCHAR2(255 CHAR), 
	"AVALIACAO_QUALIDADE_SERVICO" VARCHAR2(255 CHAR), 
	"PACIENTE_OP_ID" NUMBER
   ) SEGMENT CREATION IMMEDIATE 
  PCTFREE 10 PCTUSED 40 INITRANS 1 MAXTRANS 255 
 NOCOMPRESS LOGGING
  STORAGE(INITIAL 65536 NEXT 1048576 MINEXTENTS 1 MAXEXTENTS 2147483645
  PCTINCREASE 0 FREELISTS 1 FREELIST GROUPS 1
  BUFFER_POOL DEFAULT FLASH_CACHE DEFAULT CELL_FLASH_CACHE DEFAULT)
  TABLESPACE "TBSPC_ALUNOS" ;
REM INSERTING into RM553635.CONSULTA_OP
SET DEFINE OFF;
Insert into RM553635.CONSULTA_OP (ID,DATA_HORA_CONSULTA,TIPO_PROCEDIMENTO,VALOR_CONSULTA,STATUS,PROFISSIONAL_OP_ID) values ('1',to_date('02/10/24','DD/MM/RR'),'Tipo Exame','299,09951566360576','Concluída','1');
Insert into RM553635.CONSULTA_OP (ID,DATA_HORA_CONSULTA,TIPO_PROCEDIMENTO,VALOR_CONSULTA,STATUS,PROFISSIONAL_OP_ID) values ('2',to_date('01/10/24','DD/MM/RR'),'Tipo Exame','365,2230918856204','Agendada','2');
Insert into RM553635.CONSULTA_OP (ID,DATA_HORA_CONSULTA,TIPO_PROCEDIMENTO,VALOR_CONSULTA,STATUS,PROFISSIONAL_OP_ID) values ('3',to_date('30/09/24','DD/MM/RR'),'Tipo Exame','119,99059954854098','Agendada','3');
Insert into RM553635.CONSULTA_OP (ID,DATA_HORA_CONSULTA,TIPO_PROCEDIMENTO,VALOR_CONSULTA,STATUS,PROFISSIONAL_OP_ID) values ('4',to_date('29/09/24','DD/MM/RR'),'Tipo Consulta','122,70535847129253','Agendada','4');
Insert into RM553635.CONSULTA_OP (ID,DATA_HORA_CONSULTA,TIPO_PROCEDIMENTO,VALOR_CONSULTA,STATUS,PROFISSIONAL_OP_ID) values ('5',to_date('28/09/24','DD/MM/RR'),'Tipo Consulta','395,89842431673856','Concluída','5');
Insert into RM553635.CONSULTA_OP (ID,DATA_HORA_CONSULTA,TIPO_PROCEDIMENTO,VALOR_CONSULTA,STATUS,PROFISSIONAL_OP_ID) values ('6',to_date('27/09/24','DD/MM/RR'),'Tipo Consulta','499,59901232562606','Cancelada','6');
Insert into RM553635.CONSULTA_OP (ID,DATA_HORA_CONSULTA,TIPO_PROCEDIMENTO,VALOR_CONSULTA,STATUS,PROFISSIONAL_OP_ID) values ('7',to_date('26/09/24','DD/MM/RR'),'Tipo Exame','432,5871853531647','Agendada','7');
Insert into RM553635.CONSULTA_OP (ID,DATA_HORA_CONSULTA,TIPO_PROCEDIMENTO,VALOR_CONSULTA,STATUS,PROFISSIONAL_OP_ID) values ('8',to_date('25/09/24','DD/MM/RR'),'Tipo Exame','259,0194522672839','Agendada','8');
Insert into RM553635.CONSULTA_OP (ID,DATA_HORA_CONSULTA,TIPO_PROCEDIMENTO,VALOR_CONSULTA,STATUS,PROFISSIONAL_OP_ID) values ('9',to_date('24/09/24','DD/MM/RR'),'Tipo Consulta','250,46493457392688','Concluída','9');
Insert into RM553635.CONSULTA_OP (ID,DATA_HORA_CONSULTA,TIPO_PROCEDIMENTO,VALOR_CONSULTA,STATUS,PROFISSIONAL_OP_ID) values ('10',to_date('23/09/24','DD/MM/RR'),'Tipo Exame','189,04046237530463','Cancelada','10');
Insert into RM553635.CONSULTA_OP (ID,DATA_HORA_CONSULTA,TIPO_PROCEDIMENTO,VALOR_CONSULTA,STATUS,PROFISSIONAL_OP_ID) values ('11',to_date('11/03/25','DD/MM/RR'),'Tipo Exame','150','Agendada','1');
REM INSERTING into RM553635.FATURAMENTO_OP
SET DEFINE OFF;
Insert into RM553635.FATURAMENTO_OP (ID,DATA_EMISSAO,VALOR_TOTAL,STATUS,PROCEDIMENTO_OP_ID) values ('1',to_date('02/10/24','DD/MM/RR'),'543,7396748951505','Pago','1');
Insert into RM553635.FATURAMENTO_OP (ID,DATA_EMISSAO,VALOR_TOTAL,STATUS,PROCEDIMENTO_OP_ID) values ('2',to_date('01/10/24','DD/MM/RR'),'296,21691744178537','Pago','2');
Insert into RM553635.FATURAMENTO_OP (ID,DATA_EMISSAO,VALOR_TOTAL,STATUS,PROCEDIMENTO_OP_ID) values ('3',to_date('30/09/24','DD/MM/RR'),'178,78444356072455','Pendente','3');
Insert into RM553635.FATURAMENTO_OP (ID,DATA_EMISSAO,VALOR_TOTAL,STATUS,PROCEDIMENTO_OP_ID) values ('4',to_date('29/09/24','DD/MM/RR'),'398,5520075798784','Pago','4');
Insert into RM553635.FATURAMENTO_OP (ID,DATA_EMISSAO,VALOR_TOTAL,STATUS,PROCEDIMENTO_OP_ID) values ('5',to_date('28/09/24','DD/MM/RR'),'165,88857903144367','Pago','5');
Insert into RM553635.FATURAMENTO_OP (ID,DATA_EMISSAO,VALOR_TOTAL,STATUS,PROCEDIMENTO_OP_ID) values ('6',to_date('27/09/24','DD/MM/RR'),'242,502829133954','Pendente','6');
Insert into RM553635.FATURAMENTO_OP (ID,DATA_EMISSAO,VALOR_TOTAL,STATUS,PROCEDIMENTO_OP_ID) values ('7',to_date('26/09/24','DD/MM/RR'),'535,5429023706744','Pago','7');
Insert into RM553635.FATURAMENTO_OP (ID,DATA_EMISSAO,VALOR_TOTAL,STATUS,PROCEDIMENTO_OP_ID) values ('8',to_date('25/09/24','DD/MM/RR'),'260,40970463095323','Pago','8');
Insert into RM553635.FATURAMENTO_OP (ID,DATA_EMISSAO,VALOR_TOTAL,STATUS,PROCEDIMENTO_OP_ID) values ('9',to_date('24/09/24','DD/MM/RR'),'250,7577590224408','Pago','9');
Insert into RM553635.FATURAMENTO_OP (ID,DATA_EMISSAO,VALOR_TOTAL,STATUS,PROCEDIMENTO_OP_ID) values ('10',to_date('23/09/24','DD/MM/RR'),'217,47100684580937','Pago','10');
REM INSERTING into RM553635.PACIENTE_OP
SET DEFINE OFF;
Insert into RM553635.PACIENTE_OP (ID,NOME_COMPLETO,DATA_NASCIMENTO,CONTATO,PLANO_DE_SAUDE,HISTORICO_MEDICO) values ('1','Paciente 1',to_date('17/10/80','DD/MM/RR'),'99999-00001','Plano C','Histórico médico aqui');
Insert into RM553635.PACIENTE_OP (ID,NOME_COMPLETO,DATA_NASCIMENTO,CONTATO,PLANO_DE_SAUDE,HISTORICO_MEDICO) values ('2','Paciente 2',to_date('20/07/77','DD/MM/RR'),'99999-00002','Plano A','Histórico médico aqui');
Insert into RM553635.PACIENTE_OP (ID,NOME_COMPLETO,DATA_NASCIMENTO,CONTATO,PLANO_DE_SAUDE,HISTORICO_MEDICO) values ('3','Paciente 3',to_date('14/07/88','DD/MM/RR'),'99999-00003','Plano C','Histórico médico aqui');
Insert into RM553635.PACIENTE_OP (ID,NOME_COMPLETO,DATA_NASCIMENTO,CONTATO,PLANO_DE_SAUDE,HISTORICO_MEDICO) values ('4','Paciente 4',to_date('18/01/86','DD/MM/RR'),'99999-00004','Plano C','Histórico médico aqui');
Insert into RM553635.PACIENTE_OP (ID,NOME_COMPLETO,DATA_NASCIMENTO,CONTATO,PLANO_DE_SAUDE,HISTORICO_MEDICO) values ('5','Paciente 5',to_date('20/03/93','DD/MM/RR'),'99999-00005','Plano A','Histórico médico aqui');
Insert into RM553635.PACIENTE_OP (ID,NOME_COMPLETO,DATA_NASCIMENTO,CONTATO,PLANO_DE_SAUDE,HISTORICO_MEDICO) values ('6','Paciente 6',to_date('18/04/72','DD/MM/RR'),'99999-00006','Plano B','Histórico médico aqui');
Insert into RM553635.PACIENTE_OP (ID,NOME_COMPLETO,DATA_NASCIMENTO,CONTATO,PLANO_DE_SAUDE,HISTORICO_MEDICO) values ('7','Paciente 7',to_date('28/07/87','DD/MM/RR'),'99999-00007','Plano A','Histórico médico aqui');
Insert into RM553635.PACIENTE_OP (ID,NOME_COMPLETO,DATA_NASCIMENTO,CONTATO,PLANO_DE_SAUDE,HISTORICO_MEDICO) values ('8','Paciente 8',to_date('15/06/76','DD/MM/RR'),'99999-00008','Plano A','Histórico médico aqui');
Insert into RM553635.PACIENTE_OP (ID,NOME_COMPLETO,DATA_NASCIMENTO,CONTATO,PLANO_DE_SAUDE,HISTORICO_MEDICO) values ('9','Paciente 9',to_date('14/12/84','DD/MM/RR'),'99999-00009','Plano A','Histórico médico aqui');
Insert into RM553635.PACIENTE_OP (ID,NOME_COMPLETO,DATA_NASCIMENTO,CONTATO,PLANO_DE_SAUDE,HISTORICO_MEDICO) values ('10','Paciente 10',to_date('17/05/93','DD/MM/RR'),'99999-000010','Plano C','Histórico médico aqui');
REM INSERTING into RM553635.PROCEDIMENTO_OP
SET DEFINE OFF;
Insert into RM553635.PROCEDIMENTO_OP (ID,DESCRICAO,PRECO_UNITARIO,CATEGORIA,CONSULTA_OP_ID) values ('1','Procedimento 1','214,15515127685924','Categoria Rotina','1');
Insert into RM553635.PROCEDIMENTO_OP (ID,DESCRICAO,PRECO_UNITARIO,CATEGORIA,CONSULTA_OP_ID) values ('2','Procedimento 2','104,20182922468142','Categoria Urgente','2');
Insert into RM553635.PROCEDIMENTO_OP (ID,DESCRICAO,PRECO_UNITARIO,CATEGORIA,CONSULTA_OP_ID) values ('3','Procedimento 3','269,11012150912836','Categoria Rotina','3');
Insert into RM553635.PROCEDIMENTO_OP (ID,DESCRICAO,PRECO_UNITARIO,CATEGORIA,CONSULTA_OP_ID) values ('4','Procedimento 4','233,80626713066468','Categoria Rotina','4');
Insert into RM553635.PROCEDIMENTO_OP (ID,DESCRICAO,PRECO_UNITARIO,CATEGORIA,CONSULTA_OP_ID) values ('5','Procedimento 5','76,79439328920009','Categoria Rotina','5');
Insert into RM553635.PROCEDIMENTO_OP (ID,DESCRICAO,PRECO_UNITARIO,CATEGORIA,CONSULTA_OP_ID) values ('6','Procedimento 6','264,65405191892035','Categoria Urgente','6');
Insert into RM553635.PROCEDIMENTO_OP (ID,DESCRICAO,PRECO_UNITARIO,CATEGORIA,CONSULTA_OP_ID) values ('7','Procedimento 7','274,972719854314','Categoria Urgente','7');
Insert into RM553635.PROCEDIMENTO_OP (ID,DESCRICAO,PRECO_UNITARIO,CATEGORIA,CONSULTA_OP_ID) values ('8','Procedimento 8','166,5637645508699','Categoria Urgente','8');
Insert into RM553635.PROCEDIMENTO_OP (ID,DESCRICAO,PRECO_UNITARIO,CATEGORIA,CONSULTA_OP_ID) values ('9','Procedimento 9','168,33597866359173','Categoria Urgente','9');
Insert into RM553635.PROCEDIMENTO_OP (ID,DESCRICAO,PRECO_UNITARIO,CATEGORIA,CONSULTA_OP_ID) values ('10','Procedimento 10','243,76599887907233','Categoria Rotina','10');
REM INSERTING into RM553635.PROFISSIONAL_OP
SET DEFINE OFF;
Insert into RM553635.PROFISSIONAL_OP (ID,CRM,NOME_COMPLETO,ESPECIALIDADE_ODONTOLOGICA,CONTATO,HORARIO_DE_CONSULTA,AVALIACAO_QUALIDADE_SERVICO,PACIENTE_OP_ID) values ('1','CRM-0001','Profissional 1','Especialidade Implante','88888-00001','9:00 - 17:30','Boa','1');
Insert into RM553635.PROFISSIONAL_OP (ID,CRM,NOME_COMPLETO,ESPECIALIDADE_ODONTOLOGICA,CONTATO,HORARIO_DE_CONSULTA,AVALIACAO_QUALIDADE_SERVICO,PACIENTE_OP_ID) values ('2','CRM-0002','Profissional 2','Especialidade Ortodontia','88888-00002','11:00 - 17:30','Boa','2');
Insert into RM553635.PROFISSIONAL_OP (ID,CRM,NOME_COMPLETO,ESPECIALIDADE_ODONTOLOGICA,CONTATO,HORARIO_DE_CONSULTA,AVALIACAO_QUALIDADE_SERVICO,PACIENTE_OP_ID) values ('3','CRM-0003','Profissional 3','Especialidade Ortodontia','88888-00003','9:00 - 10:30','Boa','3');
Insert into RM553635.PROFISSIONAL_OP (ID,CRM,NOME_COMPLETO,ESPECIALIDADE_ODONTOLOGICA,CONTATO,HORARIO_DE_CONSULTA,AVALIACAO_QUALIDADE_SERVICO,PACIENTE_OP_ID) values ('4','CRM-0004','Profissional 4','Especialidade Implante','88888-00004','17:00 - 14:30','Boa','4');
Insert into RM553635.PROFISSIONAL_OP (ID,CRM,NOME_COMPLETO,ESPECIALIDADE_ODONTOLOGICA,CONTATO,HORARIO_DE_CONSULTA,AVALIACAO_QUALIDADE_SERVICO,PACIENTE_OP_ID) values ('5','CRM-0005','Profissional 5','Especialidade Ortodontia','88888-00005','14:00 - 17:30','Boa','5');
Insert into RM553635.PROFISSIONAL_OP (ID,CRM,NOME_COMPLETO,ESPECIALIDADE_ODONTOLOGICA,CONTATO,HORARIO_DE_CONSULTA,AVALIACAO_QUALIDADE_SERVICO,PACIENTE_OP_ID) values ('6','CRM-0006','Profissional 6','Especialidade Implante','88888-00006','12:00 - 16:30','Boa','6');
Insert into RM553635.PROFISSIONAL_OP (ID,CRM,NOME_COMPLETO,ESPECIALIDADE_ODONTOLOGICA,CONTATO,HORARIO_DE_CONSULTA,AVALIACAO_QUALIDADE_SERVICO,PACIENTE_OP_ID) values ('7','CRM-0007','Profissional 7','Especialidade Ortodontia','88888-00007','14:00 - 11:30','Boa','7');
Insert into RM553635.PROFISSIONAL_OP (ID,CRM,NOME_COMPLETO,ESPECIALIDADE_ODONTOLOGICA,CONTATO,HORARIO_DE_CONSULTA,AVALIACAO_QUALIDADE_SERVICO,PACIENTE_OP_ID) values ('8','CRM-0008','Profissional 8','Especialidade Ortodontia','88888-00008','11:00 - 13:30','Boa','8');
Insert into RM553635.PROFISSIONAL_OP (ID,CRM,NOME_COMPLETO,ESPECIALIDADE_ODONTOLOGICA,CONTATO,HORARIO_DE_CONSULTA,AVALIACAO_QUALIDADE_SERVICO,PACIENTE_OP_ID) values ('9','CRM-0009','Profissional 9','Especialidade Implante','88888-00009','15:00 - 17:30','Boa','9');
Insert into RM553635.PROFISSIONAL_OP (ID,CRM,NOME_COMPLETO,ESPECIALIDADE_ODONTOLOGICA,CONTATO,HORARIO_DE_CONSULTA,AVALIACAO_QUALIDADE_SERVICO,PACIENTE_OP_ID) values ('10','CRM-0010','Profissional 10','Especialidade Endodontia','88888-000010','8:00 - 12:30','Boa','10');
Insert into RM553635.PROFISSIONAL_OP (ID,CRM,NOME_COMPLETO,ESPECIALIDADE_ODONTOLOGICA,CONTATO,HORARIO_DE_CONSULTA,AVALIACAO_QUALIDADE_SERVICO,PACIENTE_OP_ID) values ('11','CR0011','Profissional 11','Especialidade Ortodontia','88888-0011','09:00 - 17:00','Boa','1');
